,sulphates,fixed acidity,volatile acidity,citric acid,quality
0,0.56,7.4,0.7,0.0,5
1,0.68,7.8,0.88,0.0,5
2,0.65,7.8,0.76,0.04,5
3,0.58,11.2,0.28,0.56,6
4,0.56,7.4,0.7,0.0,5
5,0.56,7.4,0.66,0.0,5
6,0.46,7.9,0.6,0.06,5
7,0.47,7.3,0.65,0.0,7
8,0.57,7.8,0.58,0.02,7
9,0.8,7.5,0.5,0.36,5
10,0.54,6.7,0.58,0.08,5
11,0.8,7.5,0.5,0.36,5
12,0.52,5.6,0.615,0.0,5
13,1.56,7.8,0.61,0.29,5
14,0.88,8.9,0.62,0.18,5
15,0.93,8.9,0.62,0.19,5
16,0.75,8.5,0.28,0.56,7
17,1.28,8.1,0.56,0.28,5
18,0.5,7.4,0.59,0.08,4
19,1.08,7.9,0.32,0.51,6
20,0.53,8.9,0.22,0.48,6
21,0.65,7.6,0.39,0.31,5
22,0.91,7.9,0.43,0.21,5
23,0.53,8.5,0.49,0.11,5
24,0.63,6.9,0.4,0.14,6
25,0.56,6.3,0.39,0.16,5
26,0.59,7.6,0.41,0.24,5
27,0.91,7.9,0.43,0.21,5
28,0.55,7.1,0.71,0.0,5
29,0.59,7.8,0.645,0.0,6
30,0.54,6.7,0.675,0.07,5
31,0.57,6.9,0.685,0.0,6
32,0.66,8.3,0.655,0.12,5
33,0.52,6.9,0.605,0.12,6
34,0.55,5.2,0.32,0.25,5
35,0.55,7.8,0.645,0.0,6
36,0.6,7.8,0.6,0.14,6
37,0.73,8.1,0.38,0.28,7
38,0.48,5.7,1.13,0.09,4
39,0.83,7.3,0.45,0.36,5
40,0.83,7.3,0.45,0.36,5
41,0.51,8.8,0.61,0.3,4
42,0.9,7.5,0.49,0.2,6
43,1.2,8.1,0.66,0.22,5
44,0.52,6.8,0.67,0.02,5
45,0.56,4.6,0.52,0.15,4
46,0.73,7.7,0.935,0.43,5
47,0.58,8.7,0.29,0.52,5
48,0.56,6.4,0.4,0.23,5
49,0.58,5.6,0.31,0.37,5
50,0.74,8.8,0.66,0.26,5
51,0.63,6.6,0.52,0.04,6
52,0.64,6.6,0.5,0.04,6
53,0.56,8.6,0.38,0.36,5
54,0.63,7.6,0.51,0.15,6
55,0.53,7.7,0.62,0.04,5
56,0.63,10.2,0.42,0.57,5
57,0.77,7.5,0.63,0.12,5
58,0.59,7.8,0.59,0.18,5
59,0.54,7.3,0.39,0.31,6
60,0.64,8.8,0.4,0.4,5
61,0.71,7.7,0.69,0.49,5
62,0.62,7.5,0.52,0.16,7
63,0.57,7.0,0.735,0.05,5
64,0.39,7.2,0.725,0.05,5
65,0.39,7.2,0.725,0.05,5
66,0.58,7.5,0.52,0.11,5
67,0.58,6.6,0.705,0.07,5
68,0.79,9.3,0.32,0.57,5
69,0.95,8.0,0.705,0.05,6
70,0.54,7.7,0.63,0.08,6
71,0.48,7.7,0.67,0.23,5
72,0.48,7.7,0.69,0.22,5
73,0.53,8.3,0.675,0.26,4
74,0.82,9.7,0.32,0.54,5
75,0.66,8.8,0.41,0.64,5
76,0.66,8.8,0.41,0.64,5
77,0.55,6.8,0.785,0.0,6
78,0.52,6.7,0.75,0.12,5
79,1.12,8.3,0.625,0.2,4
80,0.56,6.2,0.45,0.2,5
81,1.28,7.8,0.43,0.7,5
82,0.57,7.4,0.5,0.47,5
83,1.14,7.3,0.67,0.26,5
84,0.78,6.3,0.3,0.48,6
85,0.59,6.9,0.55,0.15,5
86,1.95,8.6,0.49,0.28,6
87,0.64,7.7,0.49,0.26,5
88,1.22,9.3,0.39,0.44,5
89,0.53,7.0,0.62,0.08,5
90,0.54,7.9,0.52,0.26,5
91,1.95,8.6,0.49,0.28,6
92,1.98,8.6,0.49,0.29,5
93,0.64,7.7,0.49,0.26,5
94,0.48,5.0,1.02,0.04,4
95,0.6,4.7,0.6,0.17,6
96,0.56,6.8,0.775,0.0,5
97,0.63,7.0,0.5,0.25,5
98,0.56,7.6,0.9,0.06,5
99,0.59,8.1,0.545,0.18,6
100,0.61,8.3,0.61,0.3,6
101,0.56,7.8,0.5,0.3,6
102,0.59,8.1,0.545,0.18,6
103,0.51,8.1,0.575,0.22,5
104,0.48,7.2,0.49,0.24,5
105,0.51,8.1,0.575,0.22,5
106,1.31,7.8,0.41,0.68,5
107,0.79,6.2,0.63,0.31,5
108,0.8,8.0,0.33,0.53,6
109,0.69,8.1,0.785,0.52,5
110,0.93,7.8,0.56,0.19,5
111,0.66,8.4,0.62,0.09,5
112,0.66,8.4,0.6,0.1,5
113,0.67,10.1,0.31,0.44,6
114,0.93,7.8,0.56,0.19,5
115,0.63,9.4,0.4,0.31,6
116,0.61,8.3,0.54,0.28,6
117,0.5,7.8,0.56,0.12,6
118,0.6,8.8,0.55,0.04,6
119,0.54,7.0,0.69,0.08,6
120,0.57,7.3,1.07,0.09,5
121,0.6,8.8,0.55,0.04,6
122,0.52,7.3,0.695,0.0,5
123,0.53,8.0,0.71,0.0,5
124,0.48,7.8,0.5,0.17,5
125,0.7,9.0,0.62,0.04,5
126,0.49,8.2,1.33,0.0,5
127,0.48,8.1,1.33,0.0,5
128,0.92,8.0,0.59,0.16,7
129,0.57,6.1,0.38,0.15,5
130,0.66,8.0,0.745,0.56,5
131,0.63,5.6,0.5,0.09,5
132,0.63,5.6,0.5,0.09,5
133,0.58,6.6,0.5,0.01,6
134,0.55,7.9,1.04,0.05,6
135,0.82,8.4,0.745,0.11,5
136,0.77,8.3,0.715,0.15,5
137,0.64,7.2,0.415,0.36,5
138,0.54,7.8,0.56,0.19,5
139,0.54,7.8,0.56,0.19,5
140,0.82,8.4,0.745,0.11,5
141,0.77,8.3,0.715,0.15,5
142,0.79,5.2,0.34,0.0,6
143,0.58,6.3,0.39,0.08,5
144,0.79,5.2,0.34,0.0,6
145,0.62,8.1,0.67,0.55,5
146,0.52,5.8,0.68,0.02,5
147,0.8,7.6,0.49,0.26,5
148,0.58,6.9,0.49,0.1,6
149,0.61,8.2,0.4,0.44,6
150,0.53,7.3,0.33,0.47,6
151,2.0,9.2,0.52,1.0,4
152,0.54,7.5,0.6,0.03,5
153,0.54,7.5,0.6,0.03,5
154,0.72,7.1,0.43,0.42,5
155,0.71,7.1,0.43,0.42,5
156,0.72,7.1,0.43,0.42,5
157,0.71,7.1,0.43,0.42,5
158,0.5,7.1,0.68,0.0,5
159,0.57,6.8,0.6,0.18,6
160,0.56,7.6,0.95,0.03,5
161,1.08,7.6,0.68,0.02,4
162,0.56,7.8,0.53,0.04,6
163,0.49,7.4,0.6,0.26,5
164,0.49,7.3,0.59,0.26,5
165,0.62,7.8,0.63,0.48,5
166,0.52,6.8,0.64,0.1,5
167,0.48,7.3,0.55,0.03,4
168,0.55,6.8,0.63,0.07,6
169,1.59,7.5,0.705,0.24,5
170,0.33,7.9,0.885,0.03,4
171,0.61,8.0,0.42,0.17,6
172,0.61,8.0,0.42,0.17,6
173,0.57,7.4,0.62,0.05,6
174,0.47,7.3,0.38,0.21,5
175,0.78,6.9,0.5,0.04,5
176,0.47,7.3,0.38,0.21,5
177,0.61,7.5,0.52,0.42,6
178,0.56,7.0,0.805,0.0,5
179,0.59,8.8,0.61,0.14,5
180,0.59,8.8,0.61,0.14,5
181,1.02,8.9,0.61,0.49,5
182,0.52,7.2,0.73,0.02,5
183,0.58,6.8,0.61,0.2,5
184,0.58,6.7,0.62,0.21,6
185,0.53,8.9,0.31,0.57,5
186,0.55,7.4,0.39,0.48,5
187,0.49,7.7,0.705,0.1,5
188,0.55,7.9,0.5,0.33,5
189,0.55,7.9,0.49,0.32,5
190,0.62,8.2,0.5,0.35,5
191,0.62,6.4,0.37,0.25,6
192,0.61,6.8,0.63,0.12,5
193,0.55,7.6,0.55,0.21,5
194,0.55,7.6,0.55,0.21,5
195,0.54,7.8,0.59,0.33,5
196,0.59,7.3,0.58,0.3,5
197,0.97,11.5,0.3,0.6,6
198,0.85,5.4,0.835,0.08,7
199,0.43,6.9,1.09,0.06,4
200,0.82,9.6,0.32,0.47,7
201,1.03,8.8,0.37,0.48,5
202,0.79,6.8,0.5,0.11,5
203,0.55,7.0,0.42,0.35,5
204,0.56,7.0,0.43,0.36,6
205,0.77,12.8,0.3,0.74,7
206,0.77,12.8,0.3,0.74,7
207,0.53,7.8,0.57,0.31,5
208,0.67,7.8,0.44,0.28,5
209,0.88,11.0,0.3,0.58,7
210,0.86,9.7,0.53,0.6,6
211,0.56,8.0,0.725,0.24,6
212,0.67,11.6,0.44,0.64,6
213,0.43,8.2,0.57,0.26,5
214,0.71,7.8,0.735,0.08,6
215,0.76,7.0,0.49,0.49,5
216,0.57,8.7,0.625,0.16,5
217,0.55,8.1,0.725,0.22,5
218,0.54,7.5,0.49,0.19,5
219,0.6,7.8,0.53,0.33,5
220,0.59,7.8,0.34,0.37,6
221,0.57,7.4,0.53,0.26,5
222,0.6,6.8,0.61,0.04,5
223,0.6,8.6,0.645,0.25,6
224,0.57,8.4,0.635,0.36,4
225,0.58,7.7,0.43,0.25,6
226,1.61,8.9,0.59,0.5,6
227,0.63,9.0,0.82,0.14,5
228,0.58,7.7,0.43,0.25,6
229,0.5,6.9,0.52,0.25,5
230,0.62,5.2,0.48,0.04,7
231,0.52,8.0,0.38,0.06,6
232,0.7,8.5,0.37,0.2,6
233,0.5,6.9,0.52,0.25,5
234,0.55,8.2,1.0,0.09,6
235,0.58,7.2,0.63,0.0,6
236,0.58,7.2,0.63,0.0,6
237,0.58,7.2,0.645,0.0,6
238,0.58,7.2,0.63,0.0,6
239,0.55,8.2,1.0,0.09,6
240,1.09,8.9,0.635,0.37,5
241,0.71,12.0,0.38,0.56,6
242,0.49,7.7,0.58,0.1,6
243,0.84,15.0,0.21,0.44,7
244,0.84,15.0,0.21,0.44,7
245,0.96,7.3,0.66,0.0,6
246,0.52,7.1,0.68,0.07,5
247,0.45,8.2,0.6,0.17,5
248,0.48,7.7,0.53,0.06,6
249,0.96,7.3,0.66,0.0,6
250,0.78,10.8,0.32,0.44,6
251,0.7,7.1,0.6,0.0,6
252,0.53,11.1,0.35,0.48,5
253,0.59,7.7,0.775,0.42,5
254,0.7,7.1,0.6,0.0,6
255,0.57,8.0,0.57,0.23,5
256,0.62,9.4,0.34,0.37,5
257,0.67,6.6,0.695,0.0,5
258,1.26,7.7,0.41,0.76,5
259,0.8,10.0,0.31,0.47,7
260,0.65,7.9,0.33,0.23,5
261,0.6,7.0,0.975,0.04,4
262,0.57,8.0,0.52,0.03,5
263,0.67,7.9,0.37,0.23,5
264,0.87,12.5,0.56,0.49,5
265,0.72,11.8,0.26,0.52,7
266,0.72,8.1,0.87,0.0,4
267,0.86,7.9,0.35,0.46,8
268,0.91,6.9,0.54,0.04,6
269,0.97,11.5,0.18,0.51,6
270,0.67,7.9,0.545,0.06,6
271,0.97,11.5,0.18,0.51,6
272,0.78,10.9,0.37,0.58,5
273,0.64,8.4,0.715,0.2,5
274,0.77,7.5,0.65,0.18,5
275,0.67,7.9,0.545,0.06,6
276,0.91,6.9,0.54,0.04,6
277,0.97,11.5,0.18,0.51,6
278,0.82,10.3,0.32,0.45,8
279,0.77,8.9,0.4,0.32,7
280,0.82,11.4,0.26,0.44,6
281,1.08,7.7,0.27,0.68,7
282,0.57,7.6,0.52,0.12,5
283,0.77,8.9,0.4,0.32,7
284,0.71,9.9,0.59,0.07,5
285,0.71,9.9,0.59,0.07,5
286,0.76,12.0,0.45,0.55,6
287,0.7,7.5,0.4,0.12,6
288,0.86,8.7,0.52,0.09,7
289,0.95,11.6,0.42,0.53,5
290,0.86,8.7,0.52,0.09,7
291,0.71,11.0,0.2,0.48,5
292,0.64,10.4,0.55,0.23,6
293,0.6,6.9,0.36,0.25,6
294,0.81,13.3,0.34,0.52,6
295,0.64,10.8,0.5,0.46,5
296,0.52,10.6,0.83,0.37,5
297,0.73,7.1,0.63,0.06,5
298,0.8,7.2,0.65,0.02,5
299,0.71,6.9,0.67,0.06,5
300,0.59,7.5,0.53,0.06,6
301,0.64,11.1,0.18,0.48,6
302,0.72,8.3,0.705,0.12,5
303,0.54,7.4,0.67,0.12,5
304,0.52,8.4,0.65,0.6,5
305,0.59,10.3,0.53,0.48,6
306,0.52,7.6,0.62,0.32,5
307,0.62,10.3,0.41,0.42,6
308,0.63,10.3,0.43,0.44,6
309,0.53,7.4,0.29,0.38,6
310,0.59,10.3,0.53,0.48,6
311,0.54,7.9,0.53,0.24,6
312,0.63,9.0,0.46,0.31,6
313,0.53,8.6,0.47,0.3,5
314,0.68,7.4,0.36,0.29,5
315,0.65,7.1,0.35,0.29,6
316,0.65,9.6,0.56,0.23,5
317,0.64,9.6,0.77,0.12,6
318,0.71,9.8,0.66,0.39,7
319,0.64,9.6,0.77,0.12,6
320,0.71,9.8,0.66,0.39,7
321,0.62,9.3,0.61,0.26,5
322,0.63,7.8,0.62,0.05,5
323,0.7,10.3,0.59,0.42,6
324,0.69,10.0,0.49,0.2,6
325,0.69,10.0,0.49,0.2,6
326,0.74,11.6,0.53,0.66,7
327,0.83,10.3,0.44,0.5,5
328,0.67,13.4,0.27,0.62,6
329,0.62,10.7,0.46,0.39,5
330,0.66,10.2,0.36,0.64,6
331,0.66,10.2,0.36,0.64,6
332,0.54,8.0,0.58,0.28,6
333,0.52,8.4,0.56,0.08,5
334,0.74,7.9,0.65,0.01,7
335,0.84,11.9,0.695,0.53,7
336,0.7,8.9,0.43,0.45,6
337,0.64,7.8,0.43,0.32,5
338,1.0,12.4,0.49,0.58,6
339,1.36,12.5,0.28,0.54,7
340,1.18,12.2,0.34,0.5,6
341,0.87,10.6,0.42,0.48,6
342,0.75,10.9,0.39,0.47,6
343,0.75,10.9,0.39,0.47,6
344,0.78,11.9,0.57,0.5,6
345,0.81,7.0,0.685,0.0,5
346,0.89,6.6,0.815,0.02,7
347,0.93,13.8,0.49,0.67,6
348,0.92,9.6,0.56,0.31,6
349,0.86,9.1,0.785,0.0,6
350,0.98,10.7,0.67,0.22,6
351,0.83,9.1,0.795,0.0,6
352,0.73,7.7,0.665,0.0,5
353,0.77,13.5,0.53,0.79,5
354,0.59,6.1,0.21,0.4,6
355,0.61,6.7,0.75,0.01,6
356,0.88,11.5,0.41,0.52,5
357,0.75,10.5,0.42,0.66,7
358,0.85,11.9,0.43,0.66,7
359,0.68,12.6,0.38,0.66,6
360,0.7,8.2,0.7,0.23,5
361,0.91,8.6,0.45,0.31,6
362,0.56,11.9,0.58,0.66,5
363,0.87,12.5,0.46,0.63,5
364,0.73,12.8,0.615,0.66,7
365,0.93,10.0,0.42,0.5,6
366,0.73,12.8,0.615,0.66,7
367,0.69,10.4,0.575,0.61,5
368,0.64,10.3,0.34,0.52,5
369,1.13,9.4,0.27,0.53,7
370,0.78,6.9,0.765,0.02,5
371,0.87,7.9,0.24,0.4,6
372,1.04,9.1,0.28,0.48,6
373,0.63,7.4,0.55,0.22,5
374,0.81,14.0,0.41,0.63,6
375,0.83,11.5,0.54,0.71,7
376,1.11,11.5,0.45,0.5,6
377,1.13,9.4,0.27,0.53,7
378,0.99,11.4,0.625,0.66,6
379,0.7,8.3,0.42,0.38,6
380,0.8,8.3,0.26,0.42,6
381,0.8,13.7,0.415,0.68,6
382,0.8,8.3,0.26,0.42,6
383,0.8,8.3,0.26,0.42,6
384,0.74,7.7,0.51,0.28,5
385,0.76,7.4,0.63,0.07,6
386,0.74,7.8,0.54,0.26,6
387,0.54,8.3,0.66,0.15,6
388,0.74,7.8,0.46,0.26,6
389,0.7,9.6,0.38,0.31,7
390,0.82,5.6,0.85,0.05,8
391,0.8,13.7,0.415,0.68,6
392,0.51,9.5,0.37,0.52,5
393,0.54,8.4,0.665,0.61,5
394,0.57,12.7,0.6,0.65,5
395,0.6,12.0,0.37,0.76,7
396,0.53,6.6,0.735,0.02,5
397,0.65,11.5,0.59,0.59,6
398,0.65,11.5,0.59,0.59,6
399,0.55,8.7,0.765,0.22,5
400,0.53,6.6,0.735,0.02,5
401,0.47,7.7,0.26,0.3,6
402,0.61,12.2,0.48,0.54,6
403,0.63,11.4,0.6,0.49,6
404,0.61,7.7,0.69,0.05,5
405,0.76,8.7,0.31,0.46,6
406,0.65,9.8,0.44,0.47,6
407,0.63,12.0,0.39,0.66,7
408,0.7,10.4,0.34,0.58,6
409,0.57,12.5,0.46,0.49,4
410,0.62,9.0,0.43,0.34,6
411,0.62,9.1,0.45,0.35,5
412,0.64,7.1,0.735,0.16,5
413,0.82,9.9,0.4,0.53,7
414,0.61,8.8,0.52,0.34,5
415,1.07,8.6,0.725,0.24,5
416,0.66,10.6,0.48,0.64,6
417,0.48,7.0,0.58,0.12,5
418,0.76,11.9,0.38,0.51,6
419,0.68,6.8,0.77,0.0,5
420,0.73,9.5,0.56,0.33,7
421,0.56,6.6,0.84,0.03,7
422,0.44,7.7,0.96,0.2,5
423,0.9,10.5,0.24,0.47,7
424,0.44,7.7,0.96,0.2,5
425,0.56,6.6,0.84,0.03,7
426,0.49,6.4,0.67,0.08,6
427,0.56,9.5,0.78,0.22,6
428,0.6,9.1,0.52,0.33,5
429,0.6,12.8,0.84,0.63,6
430,0.9,10.5,0.24,0.47,7
431,0.56,7.8,0.55,0.35,5
432,0.65,11.9,0.37,0.69,6
433,0.49,12.3,0.39,0.63,5
434,0.89,10.4,0.41,0.55,6
435,0.49,12.3,0.39,0.63,5
436,0.56,8.0,0.67,0.3,6
437,0.66,11.1,0.45,0.73,6
438,0.89,10.4,0.41,0.55,6
439,0.6,7.0,0.62,0.18,5
440,0.82,12.6,0.31,0.72,8
441,0.68,11.9,0.4,0.65,6
442,0.68,15.6,0.685,0.76,7
443,0.63,10.0,0.44,0.49,7
444,0.84,5.3,0.57,0.01,7
445,0.56,9.5,0.735,0.1,6
446,0.73,12.5,0.38,0.6,5
447,0.72,9.3,0.48,0.29,5
448,0.56,8.6,0.53,0.22,6
449,0.61,11.9,0.39,0.69,6
450,0.61,11.9,0.39,0.69,6
451,1.06,8.4,0.37,0.53,6
452,0.63,6.8,0.56,0.03,6
453,0.74,10.4,0.33,0.63,7
454,0.63,7.0,0.23,0.4,5
455,0.69,11.3,0.62,0.67,8
456,0.58,8.9,0.59,0.39,5
457,0.58,9.2,0.63,0.21,5
458,0.74,10.4,0.33,0.63,7
459,0.57,11.6,0.58,0.66,3
460,0.61,9.2,0.43,0.52,6
461,0.61,8.3,0.615,0.22,5
462,0.61,11.0,0.26,0.68,5
463,0.53,8.1,0.66,0.7,5
464,0.7,11.5,0.315,0.54,6
465,0.91,10.0,0.29,0.4,5
466,0.72,10.3,0.5,0.42,6
467,0.79,8.8,0.46,0.45,6
468,0.62,11.4,0.36,0.69,6
469,0.58,8.7,0.82,0.02,5
470,0.61,13.0,0.32,0.65,5
471,0.71,9.6,0.54,0.42,6
472,0.82,12.5,0.37,0.55,6
473,0.79,9.9,0.35,0.55,5
474,0.89,10.5,0.28,0.51,6
475,0.6,9.6,0.68,0.24,5
476,0.7,9.3,0.27,0.41,5
477,1.06,10.4,0.24,0.49,6
478,0.6,9.6,0.68,0.24,5
479,0.7,9.4,0.685,0.11,6
480,0.66,10.6,0.28,0.39,5
481,0.92,9.4,0.3,0.56,8
482,1.05,10.6,0.36,0.59,5
483,1.06,10.6,0.36,0.6,5
484,0.66,10.6,0.44,0.68,6
485,0.47,10.2,0.67,0.39,5
486,0.47,10.2,0.67,0.39,5
487,0.42,10.2,0.645,0.36,6
488,0.92,11.6,0.32,0.55,7
489,0.75,9.3,0.39,0.4,6
490,0.67,9.3,0.775,0.27,6
491,0.79,9.2,0.41,0.5,7
492,0.9,8.9,0.4,0.51,7
493,0.74,8.7,0.69,0.31,6
494,0.55,6.5,0.39,0.23,6
495,0.65,10.7,0.35,0.53,8
496,0.65,7.8,0.52,0.25,6
497,0.79,7.2,0.34,0.32,5
498,0.65,10.7,0.35,0.53,8
499,0.74,8.7,0.69,0.31,6
500,0.65,7.8,0.52,0.25,6
501,0.85,10.4,0.44,0.73,7
502,0.85,10.4,0.44,0.73,7
503,1.04,10.5,0.26,0.47,7
504,1.05,10.5,0.24,0.42,7
505,0.78,10.2,0.49,0.63,7
506,1.02,10.4,0.24,0.46,7
507,0.71,11.2,0.67,0.55,6
508,0.63,10.0,0.59,0.31,6
509,0.68,13.3,0.29,0.75,7
510,0.61,12.4,0.42,0.49,5
511,0.63,10.0,0.59,0.31,6
512,0.81,10.7,0.4,0.48,6
513,0.66,10.5,0.51,0.64,7
514,0.66,10.5,0.51,0.64,7
515,1.14,8.5,0.655,0.49,5
516,0.74,12.5,0.6,0.49,6
517,0.63,10.4,0.61,0.49,3
518,0.68,10.9,0.21,0.49,6
519,0.78,7.3,0.365,0.49,5
520,0.9,9.8,0.25,0.49,6
521,0.64,7.6,0.41,0.49,5
522,0.99,8.2,0.39,0.49,5
523,0.55,9.3,0.4,0.49,5
524,0.64,9.2,0.43,0.49,5
525,0.67,10.4,0.64,0.24,5
526,0.78,7.3,0.365,0.49,5
527,0.77,7.0,0.38,0.49,6
528,0.75,8.2,0.42,0.49,6
529,0.57,9.9,0.63,0.24,5
530,0.87,9.1,0.22,0.24,6
531,0.61,11.9,0.38,0.49,5
532,0.61,11.9,0.38,0.49,5
533,0.66,10.3,0.27,0.24,6
534,0.56,10.0,0.48,0.24,6
535,0.87,9.1,0.22,0.24,6
536,0.57,9.9,0.63,0.24,5
537,0.77,8.1,0.825,0.24,6
538,0.66,12.9,0.35,0.49,7
539,0.62,11.2,0.5,0.74,5
540,0.67,9.2,0.59,0.24,5
541,0.73,9.5,0.46,0.49,6
542,0.59,9.3,0.715,0.24,5
543,0.72,11.2,0.66,0.24,6
544,0.79,14.3,0.31,0.74,6
545,0.59,9.1,0.47,0.49,5
546,0.78,7.5,0.55,0.24,6
547,0.86,10.6,0.31,0.49,6
548,0.75,12.4,0.35,0.49,6
549,0.61,9.0,0.53,0.49,6
550,0.56,6.8,0.51,0.01,6
551,0.73,9.4,0.43,0.24,6
552,0.74,9.5,0.46,0.24,6
553,0.62,5.0,1.04,0.24,5
554,0.74,15.5,0.645,0.49,5
555,0.74,15.5,0.645,0.49,5
556,0.56,10.9,0.53,0.49,6
557,0.74,15.6,0.645,0.49,5
558,0.56,10.9,0.53,0.49,6
559,0.68,13.0,0.47,0.49,6
560,0.57,12.7,0.6,0.49,5
561,0.58,9.0,0.44,0.49,5
562,0.61,9.0,0.54,0.49,5
563,0.61,7.6,0.29,0.49,6
564,0.68,13.0,0.47,0.49,6
565,0.57,12.7,0.6,0.49,5
566,0.6,8.7,0.7,0.24,6
567,0.6,8.7,0.7,0.24,6
568,0.79,9.8,0.5,0.49,6
569,0.57,6.2,0.36,0.24,6
570,0.91,11.5,0.35,0.49,6
571,0.57,6.2,0.36,0.24,6
572,0.61,10.2,0.24,0.49,5
573,0.56,10.5,0.59,0.49,4
574,0.7,10.6,0.34,0.49,6
575,0.8,12.3,0.27,0.49,6
576,0.52,9.9,0.5,0.24,4
577,0.6,8.8,0.44,0.49,5
578,0.6,8.8,0.47,0.49,5
579,0.51,10.6,0.31,0.49,6
580,0.44,12.3,0.5,0.49,5
581,0.44,12.3,0.5,0.49,5
582,0.43,11.7,0.49,0.49,5
583,0.66,12.0,0.28,0.49,7
584,0.76,11.8,0.33,0.49,7
585,0.66,7.6,0.51,0.24,6
586,1.02,11.1,0.31,0.49,7
587,0.59,7.3,0.73,0.24,5
588,0.74,5.0,0.42,0.24,8
589,0.74,10.2,0.29,0.49,7
590,0.57,9.0,0.45,0.49,5
591,0.5,6.6,0.39,0.49,6
592,0.57,9.0,0.45,0.49,5
593,0.58,9.9,0.49,0.58,5
594,0.53,7.9,0.72,0.17,5
595,0.57,8.9,0.595,0.41,5
596,0.6,12.4,0.4,0.51,6
597,0.63,11.9,0.58,0.58,6
598,0.48,8.5,0.585,0.18,6
599,0.7,12.7,0.59,0.45,6
600,0.47,8.2,0.915,0.27,4
601,0.56,13.2,0.46,0.52,6
602,0.52,7.7,0.835,0.0,5
603,0.56,13.2,0.46,0.52,6
604,0.62,8.3,0.58,0.13,6
605,0.59,8.3,0.6,0.13,6
606,0.79,9.4,0.41,0.48,7
607,0.53,8.8,0.48,0.41,6
608,0.64,10.1,0.65,0.37,6
609,0.52,6.3,0.36,0.19,6
610,0.54,8.8,0.24,0.54,5
611,0.54,13.2,0.38,0.55,5
612,0.6,7.5,0.64,0.0,6
613,0.74,8.2,0.39,0.38,5
614,1.36,9.2,0.755,0.18,6
615,0.57,9.6,0.6,0.5,5
616,0.57,9.6,0.6,0.5,5
617,0.93,11.5,0.31,0.51,6
618,0.7,11.4,0.46,0.5,5
619,0.8,11.3,0.37,0.41,5
620,0.61,8.3,0.54,0.24,5
621,0.62,8.2,0.56,0.23,5
622,0.55,10.0,0.58,0.22,5
623,0.96,7.9,0.51,0.25,6
624,0.72,6.8,0.69,0.0,5
625,0.72,6.8,0.69,0.0,5
626,0.49,8.8,0.6,0.29,5
627,0.49,8.8,0.6,0.29,5
628,0.6,8.7,0.54,0.26,6
629,0.61,7.6,0.685,0.23,5
630,0.6,8.7,0.54,0.26,6
631,0.63,10.4,0.28,0.54,5
632,0.57,7.6,0.41,0.14,6
633,0.64,10.1,0.935,0.22,4
634,0.58,7.9,0.35,0.21,5
635,0.55,8.7,0.84,0.0,5
636,0.53,9.6,0.88,0.28,5
637,0.53,9.5,0.885,0.27,5
638,0.65,7.7,0.915,0.12,7
639,1.36,8.9,0.29,0.35,6
640,0.62,9.9,0.54,0.45,5
641,0.63,9.5,0.59,0.44,5
642,0.62,9.9,0.54,0.45,5
643,0.63,9.5,0.59,0.44,5
644,0.62,9.9,0.54,0.45,5
645,0.69,7.8,0.64,0.1,7
646,0.63,7.3,0.67,0.05,5
647,0.58,8.3,0.845,0.01,4
648,0.67,8.7,0.48,0.3,7
649,0.57,6.7,0.42,0.27,6
650,0.5,10.7,0.43,0.39,5
651,0.67,9.8,0.88,0.25,5
652,0.84,15.9,0.36,0.65,5
653,0.54,9.4,0.33,0.59,6
654,0.46,8.6,0.47,0.47,5
655,0.61,9.7,0.55,0.17,5
656,0.5,10.7,0.43,0.39,5
657,0.68,12.0,0.5,0.59,7
658,0.81,7.2,0.52,0.07,6
659,0.57,7.1,0.84,0.02,4
660,0.81,7.2,0.52,0.07,6
661,0.64,7.5,0.42,0.31,5
662,0.7,7.2,0.57,0.06,6
663,0.79,10.1,0.28,0.46,6
664,0.66,12.1,0.4,0.52,5
665,0.56,9.4,0.59,0.14,5
666,0.6,8.3,0.49,0.36,6
667,0.66,11.3,0.34,0.45,6
668,0.57,10.0,0.73,0.43,5
669,0.66,11.3,0.34,0.45,6
670,0.58,6.9,0.4,0.24,5
671,0.52,8.2,0.73,0.21,5
672,0.53,9.8,1.24,0.34,5
673,0.52,8.2,0.73,0.21,5
674,0.67,10.8,0.4,0.41,6
675,0.65,9.3,0.41,0.39,5
676,0.67,10.8,0.4,0.41,6
677,0.48,8.6,0.8,0.11,5
678,0.53,8.3,0.78,0.1,5
679,0.54,10.8,0.26,0.45,5
680,0.49,13.3,0.43,0.58,5
681,0.49,8.0,0.45,0.23,6
682,0.54,8.5,0.46,0.31,5
683,0.56,8.1,0.78,0.23,5
684,0.48,9.8,0.98,0.32,5
685,0.56,8.1,0.78,0.23,5
686,0.6,7.1,0.65,0.18,5
687,0.59,9.1,0.64,0.23,5
688,0.47,7.7,0.66,0.04,5
689,1.05,8.1,0.38,0.48,5
690,0.54,7.4,1.185,0.0,3
691,0.54,9.2,0.92,0.24,5
692,1.17,8.6,0.49,0.51,5
693,0.62,9.0,0.48,0.32,5
694,0.61,9.0,0.47,0.31,5
695,0.62,5.1,0.47,0.02,6
696,0.67,7.0,0.65,0.02,6
697,0.67,7.0,0.65,0.02,6
698,0.53,9.4,0.615,0.28,5
699,0.62,11.8,0.38,0.55,6
700,0.57,10.6,1.02,0.43,6
701,0.67,7.0,0.65,0.02,6
702,0.67,7.0,0.64,0.02,6
703,0.7,7.5,0.38,0.48,4
704,0.54,9.1,0.765,0.04,4
705,0.49,8.4,1.035,0.15,5
706,0.47,7.0,0.78,0.08,5
707,0.51,7.4,0.49,0.19,5
708,0.61,7.8,0.545,0.12,6
709,0.66,9.7,0.31,0.47,6
710,0.57,10.6,1.025,0.43,5
711,0.61,8.9,0.565,0.34,5
712,0.45,8.7,0.69,0.0,5
713,0.46,8.0,0.43,0.36,5
714,0.51,9.9,0.74,0.28,5
715,0.48,7.2,0.49,0.18,6
716,0.46,8.0,0.43,0.36,5
717,0.57,7.6,0.46,0.11,5
718,0.44,8.4,0.56,0.04,5
719,0.54,7.1,0.66,0.0,5
720,0.44,8.4,0.56,0.04,5
721,0.53,8.9,0.48,0.24,5
722,0.59,7.6,0.42,0.08,5
723,1.62,7.1,0.31,0.3,5
724,0.6,7.5,1.115,0.1,4
725,0.55,9.0,0.66,0.17,5
726,0.72,8.1,0.72,0.09,6
727,0.68,6.4,0.57,0.02,5
728,0.68,6.4,0.57,0.02,5
729,0.49,6.4,0.865,0.03,6
730,0.67,9.5,0.55,0.66,5
731,0.52,8.9,0.875,0.13,5
732,0.47,7.3,0.835,0.03,5
733,0.6,7.0,0.45,0.34,5
734,0.62,7.7,0.56,0.2,5
735,0.5,7.7,0.965,0.1,5
736,0.5,7.7,0.965,0.1,5
737,0.65,8.2,0.59,0.0,6
738,0.56,9.0,0.46,0.23,5
739,0.6,9.0,0.69,0.0,5
740,0.68,8.3,0.76,0.29,6
741,0.57,9.2,0.53,0.24,5
742,0.65,6.5,0.615,0.0,5
743,0.53,11.6,0.41,0.58,5
744,0.51,11.1,0.39,0.54,5
745,0.73,7.3,0.51,0.18,6
746,0.47,8.2,0.34,0.38,6
747,0.48,8.6,0.33,0.4,5
748,0.72,7.2,0.5,0.18,6
749,0.73,7.3,0.51,0.18,6
750,0.55,8.3,0.65,0.1,5
751,0.55,8.3,0.65,0.1,5
752,0.61,7.6,0.54,0.13,5
753,0.55,8.3,0.65,0.1,5
754,1.06,7.8,0.48,0.68,6
755,0.43,7.8,0.91,0.07,6
756,0.46,6.3,0.98,0.01,6
757,0.5,8.1,0.87,0.0,5
758,0.5,8.1,0.87,0.0,5
759,0.52,8.8,0.42,0.21,5
760,0.57,9.0,0.58,0.25,5
761,0.42,9.3,0.655,0.26,5
762,0.53,8.8,0.7,0.0,6
763,0.42,9.3,0.655,0.26,5
764,0.55,9.1,0.68,0.11,6
765,0.54,9.2,0.67,0.1,6
766,0.54,8.8,0.59,0.18,5
767,0.62,7.5,0.6,0.32,5
768,0.53,7.1,0.59,0.02,6
769,0.54,7.9,0.72,0.01,5
770,0.53,7.1,0.59,0.02,6
771,0.55,9.4,0.685,0.26,5
772,0.55,9.5,0.57,0.27,5
773,0.92,7.9,0.4,0.29,6
774,0.91,7.9,0.4,0.3,6
775,0.46,7.2,1.0,0.0,5
776,0.6,6.9,0.765,0.18,6
777,0.59,6.9,0.635,0.17,6
778,0.61,8.3,0.43,0.3,5
779,0.6,7.1,0.52,0.03,5
780,0.6,7.0,0.57,0.0,6
781,0.65,6.5,0.46,0.14,5
782,0.53,9.0,0.82,0.05,5
783,0.65,6.5,0.46,0.14,5
784,0.59,7.1,0.59,0.01,5
785,0.5,9.9,0.35,0.41,5
786,0.5,9.9,0.35,0.41,5
787,0.56,10.0,0.56,0.24,6
788,0.56,10.0,0.56,0.24,6
789,0.52,8.6,0.63,0.17,5
790,0.68,7.4,0.37,0.43,6
791,0.54,8.8,0.64,0.17,5
792,0.6,7.1,0.61,0.02,6
793,0.56,7.7,0.6,0.0,5
794,0.53,10.1,0.27,0.54,6
795,1.18,10.8,0.89,0.3,5
796,0.74,8.7,0.46,0.31,5
797,0.81,9.3,0.37,0.44,7
798,0.52,9.4,0.5,0.34,6
799,0.52,9.4,0.5,0.34,6
800,0.51,7.2,0.61,0.08,5
801,0.44,8.6,0.55,0.09,5
802,0.94,5.1,0.585,0.0,7
803,0.66,7.7,0.56,0.08,6
804,0.57,8.4,0.52,0.22,6
805,0.7,8.2,0.28,0.4,7
806,0.71,8.4,0.25,0.39,7
807,0.7,8.2,0.28,0.4,7
808,0.86,7.4,0.53,0.12,5
809,0.55,7.6,0.48,0.31,6
810,0.47,7.3,0.49,0.1,5
811,0.68,12.9,0.5,0.55,6
812,0.71,10.8,0.45,0.33,5
813,0.58,6.9,0.39,0.24,4
814,0.76,12.6,0.41,0.54,6
815,0.71,10.8,0.45,0.33,5
816,0.58,9.8,0.51,0.19,6
817,0.73,10.8,0.29,0.42,6
818,0.45,7.1,0.715,0.0,5
819,0.54,9.1,0.66,0.15,5
820,0.6,7.0,0.685,0.0,5
821,0.74,4.9,0.42,0.0,7
822,0.64,6.7,0.54,0.13,5
823,0.64,6.7,0.54,0.13,5
824,0.53,7.1,0.48,0.28,5
825,0.49,7.1,0.46,0.14,5
826,0.64,7.5,0.27,0.34,7
827,0.49,7.1,0.46,0.14,5
828,0.74,7.8,0.57,0.09,8
829,0.77,5.9,0.61,0.08,6
830,0.55,7.5,0.685,0.07,4
831,0.77,5.9,0.61,0.08,6
832,0.86,10.4,0.44,0.42,3
833,0.86,11.6,0.47,0.44,4
834,0.47,8.8,0.685,0.26,5
835,0.51,7.6,0.665,0.1,5
836,0.39,6.7,0.28,0.28,7
837,0.39,6.7,0.28,0.28,7
838,0.83,10.1,0.31,0.35,7
839,0.47,6.0,0.5,0.04,5
840,0.77,11.1,0.42,0.47,7
841,0.63,6.6,0.66,0.0,5
842,0.72,10.6,0.5,0.45,6
843,0.62,7.1,0.685,0.35,5
844,0.83,9.9,0.25,0.46,6
845,0.66,6.4,0.64,0.21,5
846,0.66,6.4,0.64,0.21,5
847,0.7,7.4,0.68,0.16,6
848,0.66,6.4,0.64,0.21,5
849,0.66,6.4,0.63,0.21,5
850,0.55,9.3,0.43,0.44,5
851,0.55,9.3,0.43,0.44,5
852,1.07,8.0,0.42,0.32,5
853,0.73,9.3,0.36,0.39,6
854,0.73,9.3,0.36,0.39,6
855,0.71,7.6,0.735,0.02,7
856,0.73,9.3,0.36,0.39,6
857,0.78,8.2,0.26,0.34,7
858,0.67,11.7,0.28,0.47,7
859,0.82,6.8,0.56,0.22,6
860,0.54,7.2,0.62,0.06,5
861,0.6,5.8,1.01,0.66,6
862,0.44,7.5,0.42,0.32,5
863,0.53,7.2,0.62,0.06,5
864,0.54,7.2,0.62,0.06,5
865,0.54,7.2,0.635,0.07,5
866,0.83,6.8,0.49,0.22,6
867,0.84,6.9,0.51,0.23,6
868,0.82,6.8,0.56,0.22,6
869,0.64,7.6,0.63,0.03,6
870,0.57,7.7,0.715,0.01,6
871,0.57,6.9,0.56,0.03,5
872,0.54,7.3,0.35,0.24,4
873,0.58,9.1,0.21,0.37,7
874,0.65,10.4,0.38,0.46,7
875,0.79,8.8,0.31,0.4,7
876,0.58,7.1,0.47,0.0,4
877,0.57,7.7,0.715,0.01,6
878,0.5,8.8,0.61,0.19,6
879,0.55,7.2,0.6,0.04,5
880,0.49,9.2,0.56,0.18,5
881,0.65,7.6,0.715,0.0,6
882,0.78,8.4,0.31,0.29,6
883,0.55,7.2,0.6,0.04,5
884,0.5,8.8,0.61,0.19,6
885,0.64,8.9,0.75,0.14,5
886,0.65,9.0,0.8,0.12,6
887,0.79,10.7,0.52,0.38,7
888,0.56,6.8,0.57,0.0,6
889,0.68,10.7,0.9,0.34,5
890,0.58,7.2,0.34,0.24,5
891,0.57,7.2,0.66,0.03,5
892,0.65,10.1,0.45,0.23,6
893,0.57,7.2,0.66,0.03,5
894,0.58,7.2,0.63,0.03,6
895,0.58,7.1,0.59,0.01,6
896,0.77,8.3,0.31,0.39,7
897,0.58,7.1,0.59,0.01,6
898,0.77,8.3,0.31,0.39,7
899,0.49,8.3,1.02,0.02,3
900,0.69,8.9,0.31,0.36,5
901,0.69,7.4,0.635,0.1,7
902,0.69,7.4,0.635,0.1,7
903,0.59,6.8,0.59,0.06,7
904,0.59,6.8,0.59,0.06,7
905,0.59,9.2,0.58,0.2,5
906,0.71,7.2,0.54,0.27,5
907,0.54,6.1,0.56,0.0,6
908,0.59,7.4,0.52,0.13,6
909,0.52,7.3,0.305,0.39,6
910,0.57,9.3,0.38,0.48,6
911,0.6,9.1,0.28,0.46,6
912,0.62,10.0,0.46,0.44,6
913,0.64,9.4,0.395,0.46,7
914,0.52,7.3,0.305,0.39,6
915,0.67,8.6,0.315,0.4,6
916,0.61,5.3,0.715,0.19,5
917,0.64,6.8,0.41,0.31,6
918,0.72,8.4,0.36,0.32,6
919,0.89,8.4,0.62,0.12,6
920,0.56,9.6,0.41,0.37,5
921,0.72,8.4,0.36,0.32,6
922,0.89,8.4,0.62,0.12,6
923,0.64,6.8,0.41,0.31,6
924,0.8,8.6,0.47,0.27,5
925,0.87,8.6,0.22,0.36,7
926,0.9,9.4,0.24,0.33,6
927,0.59,8.4,0.67,0.19,4
928,0.8,8.6,0.47,0.27,5
929,0.73,8.7,0.33,0.38,7
930,0.73,6.6,0.61,0.01,5
931,0.65,7.4,0.61,0.01,5
932,0.59,7.6,0.4,0.29,6
933,0.65,7.4,0.61,0.01,5
934,0.73,6.6,0.61,0.01,5
935,0.72,8.8,0.3,0.38,6
936,0.72,8.8,0.3,0.38,6
937,0.6,12.0,0.63,0.5,4
938,0.72,7.2,0.38,0.38,7
939,0.54,6.2,0.46,0.17,5
940,0.76,9.6,0.33,0.52,7
941,0.52,9.9,0.27,0.49,7
942,0.64,10.1,0.43,0.4,7
943,0.6,9.8,0.5,0.34,7
944,0.64,8.3,0.3,0.49,7
945,0.79,10.2,0.44,0.42,7
946,0.99,10.2,0.44,0.58,7
947,0.62,8.3,0.28,0.48,7
948,0.76,8.9,0.12,0.45,7
949,0.76,8.9,0.12,0.45,7
950,0.76,8.9,0.12,0.45,7
951,0.62,8.3,0.28,0.48,7
952,0.68,8.2,0.31,0.4,7
953,0.69,10.2,0.34,0.48,7
954,0.54,7.6,0.43,0.4,6
955,0.67,8.5,0.21,0.52,5
956,0.62,9.0,0.36,0.52,6
957,0.58,9.5,0.37,0.52,6
958,0.71,6.4,0.57,0.12,7
959,0.61,8.0,0.59,0.05,5
960,0.85,8.5,0.47,0.27,6
961,0.62,7.1,0.56,0.14,5
962,0.69,6.6,0.57,0.02,5
963,0.69,8.8,0.27,0.39,6
964,0.85,8.5,0.47,0.27,6
965,0.86,8.3,0.34,0.4,6
966,0.58,9.0,0.38,0.41,7
967,0.48,8.5,0.66,0.2,5
968,0.6,9.0,0.4,0.43,6
969,0.61,6.7,0.56,0.09,5
970,0.87,10.4,0.26,0.48,6
971,0.87,10.4,0.26,0.48,6
972,0.65,10.1,0.38,0.5,7
973,0.63,8.5,0.34,0.44,5
974,0.62,8.8,0.33,0.41,7
975,0.52,7.2,0.41,0.3,5
976,0.52,7.2,0.41,0.3,5
977,0.5,8.4,0.59,0.29,5
978,0.49,7.0,0.4,0.32,7
979,0.63,12.2,0.45,0.49,5
980,0.71,9.1,0.5,0.3,6
981,0.62,9.5,0.86,0.26,5
982,0.82,7.3,0.52,0.32,6
983,0.71,9.1,0.5,0.3,6
984,0.63,12.2,0.45,0.49,5
985,0.58,7.4,0.58,0.0,6
986,0.55,9.8,0.34,0.39,7
987,0.5,7.1,0.36,0.3,5
988,0.49,7.7,0.39,0.12,5
989,0.51,9.7,0.295,0.4,6
990,0.49,7.7,0.39,0.12,5
991,0.48,7.1,0.34,0.28,5
992,0.48,6.5,0.4,0.1,6
993,0.48,7.1,0.34,0.28,5
994,0.43,10.0,0.35,0.45,5
995,0.62,7.7,0.6,0.06,6
996,0.63,5.6,0.66,0.0,7
997,0.63,5.6,0.66,0.0,7
998,0.48,8.9,0.84,0.34,6
999,0.53,6.4,0.69,0.0,6
1000,0.72,7.5,0.43,0.3,7
1001,0.82,9.9,0.35,0.38,7
1002,0.84,9.1,0.29,0.33,7
1003,0.55,6.8,0.36,0.32,7
1004,0.54,8.2,0.43,0.29,5
1005,0.55,6.8,0.36,0.32,7
1006,0.84,9.1,0.29,0.33,7
1007,0.84,9.1,0.3,0.34,7
1008,0.7,8.9,0.35,0.4,7
1009,0.68,9.6,0.5,0.36,5
1010,0.55,8.9,0.28,0.45,7
1011,0.55,8.9,0.32,0.31,6
1012,0.48,7.7,1.005,0.15,5
1013,0.58,7.5,0.71,0.0,6
1014,0.58,8.0,0.58,0.16,6
1015,0.84,10.5,0.39,0.46,6
1016,0.75,8.9,0.38,0.4,7
1017,0.44,8.0,0.18,0.37,6
1018,0.44,8.0,0.18,0.37,6
1019,0.61,7.0,0.5,0.14,5
1020,0.53,11.3,0.36,0.66,6
1021,0.53,11.3,0.36,0.66,6
1022,0.54,7.0,0.51,0.09,5
1023,0.55,8.2,0.32,0.42,6
1024,0.56,7.7,0.58,0.01,7
1025,0.6,8.6,0.83,0.0,6
1026,0.56,7.9,0.31,0.32,6
1027,0.52,6.4,0.795,0.0,5
1028,0.54,7.2,0.34,0.21,6
1029,0.56,7.7,0.58,0.01,7
1030,0.55,7.1,0.59,0.0,7
1031,0.58,7.3,0.55,0.01,7
1032,0.53,8.1,0.82,0.0,5
1033,0.59,7.5,0.57,0.08,6
1034,0.47,8.9,0.745,0.18,6
1035,0.65,10.1,0.37,0.34,7
1036,0.59,7.6,0.31,0.34,7
1037,0.56,7.3,0.91,0.1,5
1038,0.77,8.7,0.41,0.41,7
1039,0.83,8.9,0.5,0.21,6
1040,0.67,7.4,0.965,0.0,5
1041,0.64,6.9,0.49,0.19,6
1042,0.83,8.9,0.5,0.21,6
1043,0.81,9.5,0.39,0.41,7
1044,0.62,6.4,0.39,0.33,6
1045,0.58,6.9,0.44,0.0,6
1046,0.62,7.6,0.78,0.0,6
1047,0.64,7.1,0.43,0.17,5
1048,0.78,9.3,0.49,0.36,6
1049,0.77,9.3,0.5,0.36,6
1050,0.64,7.1,0.43,0.17,5
1051,1.34,8.5,0.46,0.59,5
1052,0.55,5.6,0.605,0.05,5
1053,0.77,8.3,0.33,0.42,7
1054,0.62,8.2,0.64,0.27,6
1055,0.62,8.2,0.64,0.27,6
1056,0.59,8.9,0.48,0.53,7
1057,0.57,7.6,0.42,0.25,5
1058,0.76,9.9,0.53,0.57,7
1059,0.59,8.9,0.48,0.53,7
1060,0.7,11.6,0.23,0.57,6
1061,0.69,9.1,0.4,0.5,8
1062,0.64,8.0,0.38,0.44,6
1063,0.63,10.2,0.29,0.65,6
1064,0.57,8.2,0.74,0.09,6
1065,0.6,7.7,0.61,0.18,6
1066,0.72,6.6,0.52,0.08,7
1067,0.83,11.1,0.31,0.53,7
1068,0.83,11.1,0.31,0.53,7
1069,0.62,8.0,0.62,0.35,5
1070,0.89,9.3,0.33,0.45,7
1071,0.58,7.5,0.77,0.2,5
1072,0.58,7.2,0.35,0.26,6
1073,0.58,8.0,0.62,0.33,6
1074,0.58,7.5,0.77,0.2,5
1075,0.86,9.1,0.25,0.34,7
1076,0.73,9.9,0.32,0.56,6
1077,0.58,8.6,0.37,0.65,5
1078,0.58,8.6,0.37,0.65,5
1079,0.51,7.9,0.3,0.68,7
1080,0.51,10.3,0.27,0.56,6
1081,0.51,7.9,0.3,0.68,7
1082,0.59,7.2,0.38,0.3,6
1083,0.77,8.7,0.42,0.45,6
1084,0.59,7.2,0.38,0.3,6
1085,0.49,6.8,0.48,0.08,5
1086,0.66,8.5,0.34,0.4,7
1087,0.69,7.9,0.19,0.42,6
1088,0.76,11.6,0.41,0.54,7
1089,0.76,11.6,0.41,0.54,7
1090,0.63,10.0,0.26,0.54,8
1091,0.6,7.9,0.34,0.42,6
1092,0.59,7.0,0.54,0.09,6
1093,0.86,9.2,0.31,0.36,7
1094,0.49,6.6,0.725,0.09,6
1095,0.5,9.4,0.4,0.47,5
1096,0.49,6.6,0.725,0.09,6
1097,0.52,8.6,0.52,0.38,5
1098,0.81,8.0,0.31,0.45,7
1099,0.52,8.6,0.52,0.38,5
1100,0.78,8.4,0.34,0.42,6
1101,0.63,7.4,0.49,0.27,6
1102,0.54,6.1,0.48,0.09,6
1103,0.63,7.4,0.49,0.27,6
1104,0.66,8.0,0.48,0.34,6
1105,0.6,6.3,0.57,0.28,5
1106,0.54,8.2,0.23,0.42,6
1107,0.85,9.1,0.3,0.41,7
1108,0.49,8.1,0.78,0.1,5
1109,0.76,10.8,0.47,0.43,6
1110,0.64,8.3,0.53,0.0,6
1111,0.64,5.4,0.42,0.27,7
1112,0.71,7.9,0.33,0.41,6
1113,0.59,8.9,0.24,0.39,6
1114,0.66,5.0,0.4,0.5,6
1115,0.6,7.0,0.69,0.07,6
1116,0.6,7.0,0.69,0.07,6
1117,0.6,7.0,0.69,0.07,6
1118,0.53,7.1,0.39,0.12,6
1119,0.58,5.6,0.66,0.0,5
1120,0.72,7.9,0.54,0.34,8
1121,0.55,6.6,0.5,0.0,6
1122,0.48,6.3,0.47,0.0,6
1123,0.65,10.7,0.4,0.37,6
1124,0.62,6.5,0.58,0.0,4
1125,0.59,8.8,0.24,0.35,7
1126,0.54,5.8,0.29,0.26,6
1127,0.6,6.3,0.76,0.0,6
1128,0.68,10.0,0.43,0.33,5
1129,0.69,10.5,0.43,0.35,6
1130,0.63,9.1,0.6,0.0,6
1131,0.44,5.9,0.19,0.21,5
1132,0.88,7.4,0.36,0.34,7
1133,0.68,7.2,0.48,0.07,7
1134,0.74,8.5,0.28,0.35,7
1135,0.6,8.0,0.25,0.43,6
1136,0.76,10.4,0.52,0.45,6
1137,0.76,10.4,0.52,0.45,6
1138,0.58,7.5,0.41,0.15,5
1139,0.64,8.2,0.51,0.24,6
1140,0.65,7.3,0.4,0.3,6
1141,0.85,8.2,0.38,0.32,6
1142,0.65,6.9,0.45,0.11,6
1143,0.82,7.0,0.22,0.3,6
1144,0.62,7.3,0.32,0.23,5
1145,0.81,8.2,0.2,0.43,6
1146,0.87,7.8,0.5,0.12,6
1147,0.49,10.0,0.41,0.45,7
1148,0.66,7.8,0.39,0.42,6
1149,0.52,10.0,0.35,0.47,6
1150,0.76,8.2,0.33,0.32,7
1151,0.65,6.1,0.58,0.23,6
1152,0.53,8.3,0.6,0.25,5
1153,0.66,9.6,0.42,0.35,6
1154,0.68,6.6,0.58,0.0,6
1155,0.53,8.3,0.6,0.25,5
1156,0.76,8.5,0.18,0.51,7
1157,0.87,5.1,0.51,0.18,7
1158,1.16,6.7,0.41,0.43,6
1159,0.67,10.2,0.41,0.43,5
1160,0.72,10.6,0.36,0.57,7
1161,0.75,8.8,0.45,0.43,6
1162,0.71,8.5,0.32,0.42,7
1163,0.67,9.0,0.785,0.24,5
1164,0.67,9.0,0.785,0.24,5
1165,1.1,8.5,0.44,0.5,5
1166,0.98,9.9,0.54,0.26,5
1167,0.88,8.2,0.33,0.39,7
1168,0.56,6.5,0.34,0.27,6
1169,0.62,7.6,0.5,0.29,6
1170,0.67,9.2,0.36,0.34,6
1171,0.68,7.1,0.59,0.0,6
1172,0.74,9.7,0.42,0.46,6
1173,0.62,7.6,0.36,0.31,6
1174,0.62,7.6,0.36,0.31,6
1175,0.7,6.5,0.61,0.0,6
1176,0.5,6.5,0.88,0.03,4
1177,0.66,7.1,0.66,0.0,7
1178,0.73,5.6,0.915,0.0,5
1179,0.81,8.2,0.35,0.33,6
1180,0.81,8.2,0.35,0.33,6
1181,0.46,9.8,0.39,0.43,5
1182,0.86,10.2,0.4,0.4,6
1183,0.6,6.8,0.66,0.07,5
1184,0.7,6.7,0.64,0.23,5
1185,0.46,7.0,0.43,0.3,6
1186,0.5,6.6,0.8,0.03,5
1187,0.46,7.0,0.43,0.3,6
1188,0.7,6.7,0.64,0.23,5
1189,0.44,8.8,0.955,0.05,4
1190,0.57,9.1,0.4,0.57,6
1191,0.51,6.5,0.885,0.0,5
1192,0.8,7.2,0.25,0.37,7
1193,0.51,6.4,0.885,0.0,5
1194,0.59,7.0,0.745,0.12,6
1195,0.6,6.2,0.43,0.22,6
1196,0.58,7.9,0.58,0.23,6
1197,0.54,7.7,0.57,0.21,6
1198,0.79,7.7,0.26,0.26,6
1199,0.58,7.9,0.58,0.23,6
1200,0.54,7.7,0.57,0.21,6
1201,0.54,7.9,0.34,0.36,7
1202,0.69,8.6,0.42,0.39,8
1203,0.55,9.9,0.74,0.19,5
1204,0.85,7.2,0.36,0.46,7
1205,0.85,7.2,0.36,0.46,7
1206,0.85,7.2,0.36,0.46,7
1207,0.94,9.9,0.72,0.55,5
1208,0.85,7.2,0.36,0.46,7
1209,0.87,6.2,0.39,0.43,7
1210,0.62,6.8,0.65,0.02,6
1211,0.62,6.6,0.44,0.15,5
1212,0.62,6.8,0.65,0.02,6
1213,0.75,9.6,0.38,0.42,6
1214,0.48,10.2,0.33,0.46,6
1215,0.56,8.8,0.27,0.46,6
1216,0.69,7.9,0.57,0.31,6
1217,0.81,8.2,0.34,0.37,6
1218,0.69,8.2,0.4,0.31,6
1219,0.83,9.0,0.39,0.4,6
1220,0.77,10.9,0.32,0.52,6
1221,0.77,10.9,0.32,0.52,6
1222,0.46,8.1,0.53,0.22,6
1223,0.76,10.5,0.36,0.47,6
1224,0.82,12.6,0.39,0.49,6
1225,0.51,9.2,0.46,0.23,5
1226,0.47,7.5,0.58,0.03,5
1227,0.72,9.0,0.58,0.25,5
1228,0.73,5.1,0.42,0.0,7
1229,0.64,7.6,0.43,0.29,5
1230,0.78,7.7,0.18,0.34,6
1231,0.62,7.8,0.815,0.01,5
1232,0.64,7.6,0.43,0.29,5
1233,0.49,10.2,0.23,0.37,4
1234,0.4,7.1,0.75,0.01,6
1235,0.56,6.0,0.33,0.32,4
1236,0.64,7.8,0.55,0.0,6
1237,0.4,7.1,0.75,0.01,6
1238,0.46,8.1,0.73,0.0,4
1239,0.56,6.5,0.67,0.0,4
1240,0.4,7.5,0.61,0.2,5
1241,0.59,9.8,0.37,0.39,5
1242,0.6,9.0,0.4,0.41,6
1243,0.62,8.3,0.56,0.22,5
1244,0.54,5.9,0.29,0.25,6
1245,0.68,7.4,0.55,0.19,5
1246,0.48,7.4,0.74,0.07,5
1247,0.68,7.4,0.55,0.19,5
1248,0.75,6.9,0.41,0.33,6
1249,0.61,7.1,0.6,0.01,6
1250,0.61,7.1,0.6,0.01,6
1251,0.59,7.5,0.58,0.14,5
1252,0.58,7.1,0.72,0.0,5
1253,0.58,7.9,0.66,0.0,5
1254,0.69,7.8,0.7,0.06,5
1255,0.45,6.1,0.64,0.02,5
1256,0.42,7.5,0.59,0.22,5
1257,0.7,7.0,0.58,0.28,6
1258,0.63,6.8,0.64,0.0,6
1259,0.63,6.8,0.64,0.0,6
1260,1.15,8.6,0.635,0.68,5
1261,0.55,6.3,1.02,0.0,4
1262,0.58,9.8,0.45,0.38,5
1263,0.46,8.2,0.78,0.0,4
1264,0.72,8.5,0.37,0.32,6
1265,0.6,7.2,0.57,0.05,6
1266,0.6,7.2,0.57,0.05,6
1267,0.87,10.4,0.43,0.5,6
1268,0.55,6.9,0.41,0.31,6
1269,0.82,5.5,0.49,0.03,8
1270,0.75,5.0,0.38,0.01,6
1271,0.57,7.3,0.44,0.2,6
1272,0.53,5.9,0.46,0.0,5
1273,0.43,7.5,0.58,0.2,5
1274,0.53,7.8,0.58,0.13,6
1275,0.54,8.0,0.715,0.22,6
1276,0.56,8.5,0.4,0.4,4
1277,0.6,7.0,0.69,0.0,6
1278,0.54,8.0,0.715,0.22,6
1279,0.57,9.8,0.3,0.39,7
1280,0.64,7.1,0.46,0.2,6
1281,0.64,7.1,0.46,0.2,6
1282,0.68,7.9,0.765,0.0,6
1283,0.63,8.7,0.63,0.28,6
1284,0.56,7.0,0.42,0.19,5
1285,0.57,11.3,0.37,0.5,5
1286,0.54,7.1,0.16,0.44,6
1287,0.37,8.0,0.6,0.08,5
1288,1.17,7.0,0.6,0.3,5
1289,1.17,7.0,0.6,0.3,5
1290,0.59,7.6,0.74,0.0,5
1291,0.75,8.2,0.635,0.1,6
1292,0.67,5.9,0.395,0.13,6
1293,0.49,7.5,0.755,0.0,4
1294,0.75,8.2,0.635,0.1,6
1295,0.45,6.6,0.63,0.0,5
1296,0.45,6.6,0.63,0.0,5
1297,0.61,7.2,0.53,0.14,6
1298,0.56,5.7,0.6,0.0,6
1299,0.4,7.6,1.58,0.0,3
1300,0.61,5.2,0.645,0.0,6
1301,0.74,6.7,0.86,0.07,6
1302,0.8,9.1,0.37,0.32,6
1303,0.66,8.0,0.28,0.44,5
1304,0.44,7.6,0.79,0.21,5
1305,0.53,7.5,0.61,0.26,5
1306,0.62,9.7,0.69,0.32,5
1307,0.52,6.8,0.68,0.09,4
1308,0.62,9.7,0.69,0.32,5
1309,0.61,7.0,0.62,0.1,5
1310,0.53,7.5,0.61,0.26,5
1311,0.59,6.5,0.51,0.15,6
1312,0.47,8.0,1.18,0.21,5
1313,0.54,7.0,0.36,0.21,6
1314,0.53,7.0,0.36,0.21,6
1315,0.58,7.5,0.63,0.27,6
1316,0.59,5.4,0.74,0.0,6
1317,0.69,9.9,0.44,0.46,6
1318,0.58,7.5,0.63,0.27,6
1319,1.33,9.1,0.76,0.68,6
1320,0.66,9.7,0.66,0.34,5
1321,0.59,5.0,0.74,0.0,6
1322,0.55,9.1,0.34,0.42,5
1323,0.82,9.1,0.36,0.39,7
1324,0.6,6.7,0.46,0.24,6
1325,0.6,6.7,0.46,0.24,6
1326,0.6,6.7,0.46,0.24,6
1327,0.6,6.7,0.46,0.24,6
1328,0.52,6.5,0.52,0.11,5
1329,0.56,7.4,0.6,0.26,6
1330,0.56,7.4,0.6,0.26,6
1331,0.46,7.8,0.87,0.26,5
1332,0.43,8.4,0.39,0.1,6
1333,0.51,9.1,0.775,0.22,5
1334,0.52,7.2,0.835,0.0,5
1335,0.66,6.6,0.58,0.02,6
1336,0.45,6.0,0.5,0.0,5
1337,0.45,6.0,0.5,0.0,5
1338,0.45,6.0,0.5,0.0,5
1339,0.54,7.5,0.51,0.02,6
1340,0.54,7.5,0.51,0.02,6
1341,0.54,7.5,0.51,0.02,6
1342,0.51,7.6,0.54,0.02,6
1343,0.54,7.5,0.51,0.02,6
1344,0.53,11.5,0.42,0.48,5
1345,0.53,8.2,0.44,0.24,6
1346,0.56,6.1,0.59,0.01,5
1347,0.39,7.2,0.655,0.03,5
1348,0.39,7.2,0.655,0.03,5
1349,0.52,6.9,0.57,0.0,5
1350,0.57,9.0,0.6,0.29,5
1351,0.51,7.2,0.62,0.01,6
1352,0.46,7.6,0.645,0.03,5
1353,0.46,7.6,0.645,0.03,5
1354,0.52,7.2,0.58,0.03,5
1355,0.44,6.1,0.32,0.25,5
1356,0.44,6.1,0.34,0.25,5
1357,0.59,7.3,0.43,0.24,6
1358,0.5,7.4,0.64,0.17,5
1359,0.65,11.6,0.475,0.4,6
1360,0.56,9.2,0.54,0.31,5
1361,0.54,8.3,0.85,0.14,5
1362,0.65,11.6,0.475,0.4,6
1363,0.48,8.0,0.83,0.27,4
1364,0.53,7.2,0.605,0.02,6
1365,0.62,7.8,0.5,0.09,5
1366,0.5,7.3,0.74,0.08,5
1367,1.18,6.9,0.54,0.3,6
1368,0.5,8.0,0.77,0.32,6
1369,0.37,6.6,0.61,0.0,4
1370,1.17,8.7,0.78,0.51,5
1371,1.03,7.5,0.58,0.56,6
1372,1.17,8.7,0.78,0.51,5
1373,0.45,7.7,0.75,0.27,5
1374,0.51,6.8,0.815,0.0,3
1375,0.52,7.2,0.56,0.26,5
1376,0.46,8.2,0.885,0.2,5
1377,0.62,5.2,0.49,0.26,6
1378,0.51,7.2,0.45,0.15,6
1379,0.62,7.5,0.57,0.02,6
1380,0.62,7.5,0.57,0.02,6
1381,0.45,6.8,0.83,0.09,5
1382,0.49,8.0,0.6,0.22,5
1383,0.49,8.0,0.6,0.22,5
1384,0.5,7.1,0.755,0.15,5
1385,0.42,8.0,0.81,0.25,5
1386,0.58,7.4,0.64,0.07,5
1387,0.58,7.4,0.64,0.07,5
1388,0.68,6.6,0.64,0.31,5
1389,0.53,6.7,0.48,0.02,5
1390,0.59,6.0,0.49,0.0,6
1391,0.58,8.0,0.64,0.22,5
1392,0.48,7.1,0.62,0.06,5
1393,0.48,8.0,0.52,0.25,5
1394,0.48,6.4,0.57,0.14,5
1395,0.65,8.6,0.685,0.1,6
1396,0.65,8.7,0.675,0.1,5
1397,0.52,7.3,0.59,0.26,5
1398,0.62,7.0,0.6,0.12,7
1399,0.72,7.2,0.67,0.0,6
1400,0.51,7.9,0.69,0.21,5
1401,0.51,7.9,0.69,0.21,5
1402,0.82,7.6,0.3,0.42,6
1403,1.1,7.2,0.33,0.33,8
1404,0.62,8.0,0.5,0.39,6
1405,0.9,7.7,0.28,0.3,7
1406,0.94,8.2,0.24,0.34,6
1407,0.93,6.0,0.51,0.0,6
1408,1.01,8.1,0.29,0.36,7
1409,0.93,6.0,0.51,0.0,6
1410,0.44,6.6,0.96,0.0,6
1411,0.73,6.4,0.47,0.4,6
1412,0.94,8.2,0.24,0.34,6
1413,0.9,9.9,0.57,0.25,5
1414,0.78,10.0,0.32,0.59,5
1415,0.84,6.2,0.58,0.0,5
1416,0.78,10.0,0.32,0.59,5
1417,0.77,7.3,0.34,0.33,7
1418,0.46,7.8,0.53,0.01,5
1419,0.45,7.7,0.64,0.21,5
1420,0.46,7.8,0.53,0.01,5
1421,0.58,7.5,0.4,0.18,5
1422,0.84,7.0,0.54,0.0,6
1423,0.67,6.4,0.53,0.09,4
1424,0.7,8.3,0.26,0.37,6
1425,0.7,8.3,0.26,0.37,6
1426,0.71,7.7,0.23,0.37,6
1427,0.58,7.6,0.41,0.33,5
1428,0.63,7.8,0.64,0.0,5
1429,0.93,7.9,0.18,0.4,5
1430,0.62,7.4,0.41,0.24,5
1431,0.54,7.6,0.43,0.31,6
1432,0.85,5.9,0.44,0.0,6
1433,0.74,6.1,0.4,0.16,7
1434,0.77,10.2,0.54,0.37,6
1435,0.77,10.2,0.54,0.37,6
1436,0.65,10.0,0.38,0.38,5
1437,0.54,6.8,0.915,0.29,5
1438,0.47,7.0,0.59,0.0,5
1439,0.68,7.3,0.67,0.02,6
1440,0.73,7.2,0.37,0.32,7
1441,0.52,7.4,0.785,0.19,6
1442,0.75,6.9,0.63,0.02,5
1443,0.49,6.9,0.58,0.2,5
1444,0.68,7.3,0.67,0.02,6
1445,0.52,7.4,0.785,0.19,6
1446,0.75,6.9,0.63,0.02,5
1447,0.74,6.8,0.67,0.0,5
1448,0.73,6.9,0.58,0.01,5
1449,0.76,7.2,0.38,0.31,8
1450,0.73,7.2,0.37,0.32,7
1451,0.78,7.8,0.32,0.44,7
1452,0.76,6.6,0.58,0.02,7
1453,0.58,7.6,0.49,0.33,5
1454,0.69,11.7,0.45,0.63,6
1455,0.63,6.5,0.9,0.0,6
1456,0.5,6.0,0.54,0.06,6
1457,0.58,7.6,0.49,0.33,5
1458,0.6,8.4,0.29,0.4,5
1459,0.8,7.9,0.2,0.35,7
1460,0.68,6.4,0.42,0.09,6
1461,0.61,6.2,0.785,0.0,4
1462,0.58,6.8,0.64,0.03,6
1463,0.53,6.9,0.63,0.01,6
1464,0.67,6.8,0.59,0.1,5
1465,0.67,6.8,0.59,0.1,5
1466,0.65,7.3,0.48,0.32,7
1467,0.57,6.7,1.04,0.08,4
1468,0.65,7.3,0.48,0.32,7
1469,0.55,7.3,0.98,0.05,3
1470,0.47,10.0,0.69,0.11,5
1471,0.52,6.7,0.7,0.08,5
1472,0.79,7.6,0.35,0.6,6
1473,0.54,6.1,0.6,0.08,5
1474,0.75,9.9,0.5,0.5,5
1475,0.88,5.3,0.47,0.11,7
1476,0.75,9.9,0.5,0.5,5
1477,0.88,5.3,0.47,0.11,7
1478,0.52,7.1,0.875,0.05,3
1479,0.68,8.2,0.28,0.6,5
1480,0.62,5.6,0.62,0.03,4
1481,0.68,8.2,0.28,0.6,5
1482,0.57,7.2,0.58,0.54,4
1483,0.61,8.1,0.33,0.44,5
1484,0.64,6.8,0.91,0.06,4
1485,0.55,7.0,0.655,0.16,5
1486,0.6,6.8,0.68,0.21,5
1487,0.78,6.0,0.64,0.05,5
1488,0.58,5.6,0.54,0.04,5
1489,0.76,6.2,0.57,0.1,6
1490,0.56,7.1,0.22,0.49,6
1491,0.58,5.6,0.54,0.04,5
1492,0.54,6.2,0.65,0.06,5
1493,0.59,7.7,0.54,0.26,5
1494,0.7,6.4,0.31,0.09,7
1495,0.81,7.0,0.43,0.02,6
1496,0.59,7.7,0.54,0.26,5
1497,0.63,6.9,0.74,0.03,6
1498,0.58,6.6,0.895,0.04,6
1499,0.63,6.9,0.74,0.03,6
1500,0.53,7.5,0.725,0.04,5
1501,0.53,7.8,0.82,0.29,5
1502,0.54,7.3,0.585,0.18,5
1503,0.69,6.2,0.44,0.39,6
1504,0.55,7.5,0.38,0.57,6
1505,0.63,6.7,0.76,0.02,3
1506,0.66,6.8,0.81,0.05,6
1507,0.55,7.5,0.38,0.57,6
1508,0.72,7.1,0.27,0.6,6
1509,0.7,7.9,0.18,0.4,5
1510,0.77,6.4,0.36,0.21,6
1511,0.67,7.1,0.69,0.04,5
1512,0.65,6.4,0.79,0.04,6
1513,0.6,6.4,0.56,0.15,6
1514,0.72,6.9,0.84,0.21,6
1515,0.72,6.9,0.84,0.21,6
1516,0.97,6.1,0.32,0.25,5
1517,0.83,6.5,0.53,0.06,6
1518,0.63,7.4,0.47,0.46,5
1519,0.58,6.6,0.7,0.08,5
1520,0.83,6.5,0.53,0.06,6
1521,0.43,6.9,0.48,0.2,4
1522,0.97,6.1,0.32,0.25,5
1523,0.6,6.8,0.48,0.25,5
1524,0.78,6.0,0.42,0.19,6
1525,0.64,6.7,0.48,0.08,5
1526,0.65,6.8,0.47,0.08,6
1527,0.66,7.1,0.53,0.07,6
1528,0.67,7.9,0.29,0.49,6
1529,0.6,7.1,0.69,0.08,6
1530,0.69,6.6,0.44,0.09,6
1531,0.66,6.1,0.705,0.1,5
1532,0.68,7.2,0.53,0.13,6
1533,0.61,8.0,0.39,0.3,5
1534,0.62,6.6,0.56,0.14,7
1535,0.59,7.0,0.55,0.13,6
1536,0.68,6.1,0.53,0.08,6
1537,0.64,5.4,0.58,0.08,6
1538,0.63,6.2,0.64,0.09,5
1539,0.78,7.2,0.39,0.32,5
1540,0.63,6.2,0.52,0.08,6
1541,0.76,7.4,0.25,0.29,7
1542,0.56,6.7,0.855,0.02,6
1543,0.57,11.1,0.44,0.42,6
1544,0.81,8.4,0.37,0.43,7
1545,0.64,6.5,0.63,0.33,6
1546,0.61,7.0,0.57,0.02,5
1547,0.51,6.3,0.6,0.1,5
1548,0.58,11.2,0.4,0.5,5
1549,0.7,7.4,0.36,0.3,8
1550,0.53,7.1,0.68,0.0,5
1551,0.54,7.1,0.67,0.0,5
1552,0.66,6.3,0.68,0.01,6
1553,0.6,7.3,0.735,0.0,5
1554,0.6,6.6,0.855,0.02,6
1555,0.68,7.0,0.56,0.17,7
1556,0.56,6.6,0.88,0.04,5
1557,0.6,6.6,0.855,0.02,6
1558,0.56,6.9,0.63,0.33,5
1559,0.52,7.8,0.6,0.26,5
1560,0.52,7.8,0.6,0.26,5
1561,0.52,7.8,0.6,0.26,5
1562,0.54,7.2,0.695,0.13,5
1563,0.54,7.2,0.695,0.13,5
1564,0.54,7.2,0.695,0.13,5
1565,0.82,6.7,0.67,0.02,6
1566,0.71,6.7,0.16,0.64,6
1567,0.54,7.2,0.695,0.13,5
1568,0.59,7.0,0.56,0.13,5
1569,0.57,6.2,0.51,0.14,6
1570,0.93,6.4,0.36,0.53,6
1571,0.65,6.4,0.38,0.14,6
1572,0.51,7.3,0.69,0.32,5
1573,0.67,6.0,0.58,0.2,6
1574,0.48,5.6,0.31,0.78,6
1575,0.64,7.5,0.52,0.4,6
1576,0.78,8.0,0.3,0.63,6
1577,0.6,6.2,0.7,0.15,6
1578,0.67,6.8,0.67,0.15,6
1579,0.6,6.2,0.56,0.09,5
1580,0.6,7.4,0.35,0.33,6
1581,0.6,6.2,0.56,0.09,5
1582,0.5,6.1,0.715,0.1,5
1583,0.62,6.2,0.46,0.29,5
1584,0.8,6.7,0.32,0.44,7
1585,0.84,7.2,0.39,0.44,6
1586,0.85,7.5,0.31,0.41,6
1587,0.66,5.8,0.61,0.11,6
1588,0.78,7.2,0.66,0.33,6
1589,0.54,6.6,0.725,0.2,5
1590,0.82,6.3,0.55,0.15,6
1591,0.56,5.4,0.74,0.09,6
1592,0.75,6.3,0.51,0.13,6
1593,0.82,6.8,0.62,0.08,6
1594,0.58,6.2,0.6,0.08,5
1595,0.76,5.9,0.55,0.1,6
1596,0.75,6.3,0.51,0.13,6
1597,0.71,5.9,0.645,0.12,5
1598,0.66,6.0,0.31,0.47,6
